trip_id,full_date,day_of_week,is_weekend,hour,period_of_day,is_peak_hour,pickup_zone,is_rain,temperature_c,distance_km,duration_min,speed_kmh,fare
1,2026-09-01 00:00:00,Tuesday,0,18,Evening,1,HSR Layout,1,23.5,9.0,45.1,11.973392461197339,268.0
2,2026-09-01 00:00:00,Tuesday,0,4,Night,0,Hebbal,1,23.5,21.1,51.6,24.534883720930235,575.0
3,2026-09-01 00:00:00,Tuesday,0,15,Afternoon,0,Indiranagar,1,23.5,7.4,16.4,27.07317073170732,209.0
4,2026-09-01 00:00:00,Tuesday,0,14,Afternoon,0,Indiranagar,1,23.5,5.1,8.6,35.581395348837205,156.0
5,2026-09-01 00:00:00,Tuesday,0,19,Evening,1,MG Road / Central,1,23.5,6.2,29.3,12.696245733788396,162.0
6,2026-09-01 00:00:00,Tuesday,0,9,Morning,1,Indiranagar,1,23.5,12.7,59.0,12.915254237288135,354.0
7,2026-09-01 00:00:00,Tuesday,0,9,Morning,1,Electronic City,1,23.5,10.1,37.6,16.117021276595743,267.0
8,2026-09-01 00:00:00,Tuesday,0,6,Morning,0,Electronic City,1,23.5,14.4,37.8,22.857142857142858,381.0
9,2026-09-01 00:00:00,Tuesday,0,17,Evening,1,Indiranagar,1,23.5,4.2,16.2,15.555555555555559,125.0
10,2026-09-01 00:00:00,Tuesday,0,6,Morning,0,MG Road / Central,1,23.5,15.8,31.1,30.482315112540196,381.0
11,2026-09-01 00:00:00,Tuesday,0,8,Morning,1,Jayanagar,1,23.5,1.1,3.3,20.0,51.0
12,2026-09-01 00:00:00,Tuesday,0,4,Night,0,Jayanagar,1,23.5,9.7,24.9,23.373493975903614,267.0
13,2026-09-01 00:00:00,Tuesday,0,17,Evening,1,MG Road / Central,1,23.5,5.4,21.0,15.42857142857143,135.0
14,2026-09-01 00:00:00,Tuesday,0,7,Morning,0,MG Road / Central,1,23.5,5.4,13.2,24.545454545454547,164.0
15,2026-09-01 00:00:00,Tuesday,0,15,Afternoon,0,Electronic City,1,23.5,8.6,25.3,20.395256916996047,258.0
16,2026-09-01 00:00:00,Tuesday,0,17,Evening,1,Indiranagar,1,23.5,5.4,20.1,16.119402985074625,157.0
17,2026-09-01 00:00:00,Tuesday,0,23,Night,0,Indiranagar,1,23.5,5.0,8.9,33.70786516853932,133.0
18,2026-09-01 00:00:00,Tuesday,0,22,Night,0,Hebbal,1,23.5,8.4,21.9,23.01369863013699,217.0
19,2026-09-02 00:00:00,Wednesday,0,21,Night,0,Whitefield,1,25.2,11.6,32.1,21.682242990654203,321.0
20,2026-09-02 00:00:00,Wednesday,0,9,Morning,1,Hebbal,1,25.2,10.3,42.9,14.405594405594407,283.0
21,2026-09-02 00:00:00,Wednesday,0,10,Morning,1,MG Road / Central,1,25.2,6.7,28.7,14.006968641114984,168.0
22,2026-09-02 00:00:00,Wednesday,0,20,Evening,1,Hebbal,1,25.2,21.1,104.5,12.114832535885169,516.0
23,2026-09-02 00:00:00,Wednesday,0,19,Evening,1,Jayanagar,1,25.2,1.7,5.7,17.894736842105264,65.0
24,2026-09-02 00:00:00,Wednesday,0,7,Morning,0,Hebbal,1,25.2,3.8,7.6,30.000000000000004,120.0
25,2026-09-02 00:00:00,Wednesday,0,5,Morning,0,Hebbal,1,25.2,5.7,14.1,24.255319148936174,159.0
26,2026-09-02 00:00:00,Wednesday,0,15,Afternoon,0,Indiranagar,1,25.2,11.0,19.8,33.33333333333333,250.0
27,2026-09-02 00:00:00,Wednesday,0,11,Morning,1,HSR Layout,1,25.2,12.7,26.6,28.64661654135338,301.0
28,2026-09-02 00:00:00,Wednesday,0,2,Night,0,Hebbal,1,25.2,12.8,25.0,30.72,316.0
29,2026-09-02 00:00:00,Wednesday,0,9,Morning,1,Indiranagar,1,25.2,10.1,45.2,13.407079646017698,230.0
30,2026-09-02 00:00:00,Wednesday,0,17,Evening,1,HSR Layout,1,25.2,3.4,15.2,13.421052631578949,108.0
31,2026-09-02 00:00:00,Wednesday,0,8,Morning,1,Electronic City,1,25.2,16.7,73.9,13.558863328822733,469.0
32,2026-09-02 00:00:00,Wednesday,0,20,Evening,1,Koramangala,1,25.2,5.2,28.1,11.103202846975089,159.0
33,2026-09-02 00:00:00,Wednesday,0,8,Morning,1,Jayanagar,1,25.2,4.8,18.9,15.238095238095237,120.0
34,2026-09-02 00:00:00,Wednesday,0,19,Evening,1,Jayanagar,1,25.2,3.1,12.3,15.121951219512194,99.0
35,2026-09-03 00:00:00,Thursday,0,19,Evening,1,Koramangala,0,19.4,10.9,38.0,17.210526315789476,271.0
36,2026-09-03 00:00:00,Thursday,0,11,Morning,1,Hebbal,0,19.4,4.6,11.2,24.642857142857142,142.0
37,2026-09-03 00:00:00,Thursday,0,21,Night,0,Hebbal,0,19.4,12.7,24.3,31.358024691358022,307.0
38,2026-09-03 00:00:00,Thursday,0,17,Evening,1,Electronic City,0,19.4,15.0,51.3,17.54385964912281,366.0
39,2026-09-03 00:00:00,Thursday,0,10,Morning,1,HSR Layout,0,19.4,13.3,48.9,16.31901840490798,390.0
40,2026-09-03 00:00:00,Thursday,0,19,Evening,1,Indiranagar,0,19.4,16.5,68.8,14.389534883720929,471.0
41,2026-09-03 00:00:00,Thursday,0,10,Morning,1,Electronic City,0,19.4,9.5,42.7,13.348946135831381,274.0
42,2026-09-03 00:00:00,Thursday,0,18,Evening,1,Hebbal,0,19.4,13.2,53.3,14.859287054409005,384.0
43,2026-09-03 00:00:00,Thursday,0,18,Evening,1,Electronic City,0,19.4,10.6,42.6,14.92957746478873,289.0
44,2026-09-03 00:00:00,Thursday,0,16,Afternoon,0,MG Road / Central,0,19.4,5.9,15.8,22.40506329113924,168.0
45,2026-09-03 00:00:00,Thursday,0,9,Morning,1,MG Road / Central,0,19.4,16.6,70.2,14.188034188034187,392.0
46,2026-09-03 00:00:00,Thursday,0,17,Evening,1,Koramangala,0,19.4,12.2,53.2,13.7593984962406,287.0
47,2026-09-03 00:00:00,Thursday,0,8,Morning,1,Koramangala,0,19.4,1.9,7.4,15.405405405405403,61.0
48,2026-09-03 00:00:00,Thursday,0,19,Evening,1,Koramangala,0,19.4,14.4,53.6,16.11940298507463,326.0
49,2026-09-03 00:00:00,Thursday,0,13,Afternoon,0,Whitefield,0,19.4,17.7,36.7,28.93732970027248,476.0
50,2026-09-03 00:00:00,Thursday,0,10,Morning,1,HSR Layout,0,19.4,7.1,30.3,14.05940594059406,183.0
51,2026-09-03 00:00:00,Thursday,0,10,Morning,1,Jayanagar,0,19.4,1.9,5.1,22.35294117647059,66.0
52,2026-09-03 00:00:00,Thursday,0,13,Afternoon,0,Jayanagar,0,19.4,12.4,25.7,28.94941634241245,278.0
53,2026-09-03 00:00:00,Thursday,0,11,Morning,1,MG Road / Central,0,19.4,6.4,14.4,26.666666666666664,177.0
54,2026-09-03 00:00:00,Thursday,0,19,Evening,1,HSR Layout,0,19.4,4.3,18.6,13.870967741935484,121.0
55,2026-09-03 00:00:00,Thursday,0,9,Morning,1,Jayanagar,0,19.4,8.1,38.5,12.623376623376622,191.0
56,2026-09-04 00:00:00,Friday,0,13,Afternoon,0,MG Road / Central,1,26.2,16.7,31.6,31.708860759493668,468.0
57,2026-09-04 00:00:00,Friday,0,4,Night,0,Hebbal,1,26.2,4.6,14.5,19.034482758620687,119.0
58,2026-09-04 00:00:00,Friday,0,17,Evening,1,Indiranagar,1,26.2,6.5,25.9,15.057915057915059,174.0
59,2026-09-04 00:00:00,Friday,0,7,Morning,0,Indiranagar,1,26.2,12.0,31.4,22.929936305732486,327.0
60,2026-09-04 00:00:00,Friday,0,18,Evening,1,Whitefield,1,26.2,21.2,104.7,12.148997134670486,573.0
61,2026-09-04 00:00:00,Friday,0,13,Afternoon,0,Hebbal,1,26.2,20.6,44.4,27.83783783783784,538.0
62,2026-09-04 00:00:00,Friday,0,11,Morning,1,Jayanagar,1,26.2,6.0,9.4,38.29787234042553,168.0
63,2026-09-04 00:00:00,Friday,0,17,Evening,1,Jayanagar,1,26.2,7.3,29.0,15.103448275862068,191.0
64,2026-09-04 00:00:00,Friday,0,9,Morning,1,Koramangala,1,26.2,6.4,26.0,14.76923076923077,168.0
65,2026-09-04 00:00:00,Friday,0,20,Evening,1,Electronic City,1,26.2,17.6,76.4,13.821989528795811,436.0
66,2026-09-04 00:00:00,Friday,0,18,Evening,1,MG Road / Central,1,26.2,4.0,12.3,19.51219512195122,121.0
67,2026-09-04 00:00:00,Friday,0,5,Morning,0,Hebbal,1,26.2,19.5,48.4,24.173553719008265,465.0
68,2026-09-04 00:00:00,Friday,0,14,Afternoon,0,Koramangala,1,26.2,16.1,37.5,25.76,441.0
69,2026-09-04 00:00:00,Friday,0,19,Evening,1,Electronic City,1,26.2,20.1,72.8,16.565934065934066,458.0
70,2026-09-04 00:00:00,Friday,0,6,Morning,0,Hebbal,1,26.2,5.4,10.8,30.0,163.0
71,2026-09-04 00:00:00,Friday,0,8,Morning,1,Whitefield,1,26.2,22.1,106.4,12.462406015037594,576.0
72,2026-09-04 00:00:00,Friday,0,9,Morning,1,Hebbal,1,26.2,22.8,98.7,13.860182370820668,516.0
73,2026-09-04 00:00:00,Friday,0,14,Afternoon,0,Jayanagar,1,26.2,15.7,36.3,25.950413223140494,366.0
74,2026-09-05 00:00:00,Saturday,1,7,Morning,0,Electronic City,0,24.7,14.9,31.8,28.11320754716981,366.0
75,2026-09-05 00:00:00,Saturday,1,17,Evening,1,Whitefield,0,24.7,16.9,80.2,12.643391521197007,415.0
76,2026-09-05 00:00:00,Saturday,1,19,Evening,1,Whitefield,0,24.7,17.0,73.5,13.877551020408163,400.0
77,2026-09-05 00:00:00,Saturday,1,13,Afternoon,0,HSR Layout,0,24.7,6.3,18.0,21.0,170.0
78,2026-09-05 00:00:00,Saturday,1,0,Night,0,Indiranagar,0,24.7,11.2,29.4,22.857142857142858,276.0
79,2026-09-05 00:00:00,Saturday,1,18,Evening,1,Hebbal,0,24.7,10.2,37.3,16.40750670241287,280.0
80,2026-09-05 00:00:00,Saturday,1,20,Evening,1,HSR Layout,0,24.7,4.6,17.8,15.505617977528088,124.0
81,2026-09-05 00:00:00,Saturday,1,9,Morning,1,HSR Layout,0,24.7,13.0,50.1,15.568862275449101,318.0
82,2026-09-05 00:00:00,Saturday,1,15,Afternoon,0,Hebbal,0,24.7,20.8,46.1,27.071583514099785,523.0
83,2026-09-05 00:00:00,Saturday,1,21,Night,0,MG Road / Central,0,24.7,10.5,18.8,33.51063829787234,294.0
84,2026-09-05 00:00:00,Saturday,1,8,Morning,1,Indiranagar,0,24.7,15.8,62.8,15.095541401273886,444.0
85,2026-09-05 00:00:00,Saturday,1,8,Morning,1,HSR Layout,0,24.7,13.0,45.0,17.333333333333332,341.0
86,2026-09-05 00:00:00,Saturday,1,17,Evening,1,Jayanagar,0,24.7,2.3,5.8,23.79310344827586,67.0
87,2026-09-05 00:00:00,Saturday,1,20,Evening,1,Jayanagar,0,24.7,4.1,14.8,16.62162162162162,119.0
88,2026-09-05 00:00:00,Saturday,1,19,Evening,1,Electronic City,0,24.7,6.3,20.5,18.4390243902439,153.0
89,2026-09-05 00:00:00,Saturday,1,8,Morning,1,Electronic City,0,24.7,22.2,99.6,13.373493975903616,552.0
90,2026-09-05 00:00:00,Saturday,1,19,Evening,1,Indiranagar,0,24.7,12.2,46.1,15.878524945770065,348.0
91,2026-09-06 00:00:00,Sunday,1,17,Evening,1,Jayanagar,0,19.7,7.5,36.5,12.328767123287673,228.0
92,2026-09-06 00:00:00,Sunday,1,14,Afternoon,0,Jayanagar,0,19.7,5.2,11.5,27.130434782608695,138.0
93,2026-09-06 00:00:00,Sunday,1,19,Evening,1,Hebbal,0,19.7,20.8,81.6,15.294117647058826,453.0
94,2026-09-06 00:00:00,Sunday,1,17,Evening,1,MG Road / Central,0,19.7,6.8,26.8,15.223880597014926,193.0
95,2026-09-06 00:00:00,Sunday,1,18,Evening,1,Jayanagar,0,19.7,8.7,41.4,12.608695652173912,227.0
96,2026-09-06 00:00:00,Sunday,1,17,Evening,1,Indiranagar,0,19.7,8.7,43.0,12.139534883720929,261.0
97,2026-09-06 00:00:00,Sunday,1,9,Morning,1,Indiranagar,0,19.7,16.0,70.0,13.714285714285714,344.0
98,2026-09-06 00:00:00,Sunday,1,12,Afternoon,0,HSR Layout,0,19.7,13.6,28.8,28.33333333333333,306.0
99,2026-09-06 00:00:00,Sunday,1,12,Afternoon,0,HSR Layout,0,19.7,7.2,17.0,25.411764705882355,202.0
100,2026-09-06 00:00:00,Sunday,1,16,Afternoon,0,Hebbal,0,19.7,20.5,45.7,26.914660831509845,586.0
101,2026-09-06 00:00:00,Sunday,1,8,Morning,1,Indiranagar,0,19.7,7.9,27.9,16.98924731182796,199.0
102,2026-09-06 00:00:00,Sunday,1,8,Morning,1,Whitefield,0,19.7,14.2,48.9,17.42331288343558,323.0
103,2026-09-07 00:00:00,Monday,0,19,Evening,1,Koramangala,0,26.9,3.3,14.3,13.846153846153845,102.0
104,2026-09-07 00:00:00,Monday,0,12,Afternoon,0,MG Road / Central,0,26.9,4.5,11.5,23.478260869565215,116.0
105,2026-09-07 00:00:00,Monday,0,7,Morning,0,MG Road / Central,0,26.9,4.8,8.4,34.285714285714285,154.0
106,2026-09-07 00:00:00,Monday,0,7,Morning,0,Jayanagar,0,26.9,4.7,11.3,24.955752212389378,130.0
107,2026-09-07 00:00:00,Monday,0,16,Afternoon,0,Whitefield,0,26.9,17.3,33.2,31.265060240963855,404.0
108,2026-09-07 00:00:00,Monday,0,11,Morning,1,Electronic City,0,26.9,15.4,40.1,23.042394014962593,448.0
109,2026-09-07 00:00:00,Monday,0,16,Afternoon,0,Koramangala,0,26.9,14.8,30.8,28.831168831168835,363.0
110,2026-09-07 00:00:00,Monday,0,14,Afternoon,0,Indiranagar,0,26.9,8.2,15.4,31.948051948051948,213.0
111,2026-09-07 00:00:00,Monday,0,18,Evening,1,Hebbal,0,26.9,20.7,74.3,16.71601615074024,578.0
112,2026-09-07 00:00:00,Monday,0,8,Morning,1,MG Road / Central,0,26.9,16.3,54.5,17.94495412844037,412.0
113,2026-09-07 00:00:00,Monday,0,16,Afternoon,0,Jayanagar,0,26.9,18.0,41.2,26.213592233009706,476.0
114,2026-09-07 00:00:00,Monday,0,7,Morning,0,MG Road / Central,0,26.9,18.1,33.8,32.130177514792905,482.0
115,2026-09-08 00:00:00,Tuesday,0,21,Night,0,MG Road / Central,1,27.3,6.3,12.8,29.531249999999996,193.0
116,2026-09-08 00:00:00,Tuesday,0,23,Night,0,HSR Layout,1,27.3,13.8,28.6,28.95104895104895,378.0
117,2026-09-08 00:00:00,Tuesday,0,10,Morning,1,MG Road / Central,1,27.3,4.2,14.8,17.027027027027028,125.0
118,2026-09-08 00:00:00,Tuesday,0,16,Afternoon,0,HSR Layout,1,27.3,14.1,30.9,27.37864077669903,354.0
119,2026-09-08 00:00:00,Tuesday,0,14,Afternoon,0,Koramangala,1,27.3,4.4,11.0,24.000000000000004,134.0
120,2026-09-08 00:00:00,Tuesday,0,20,Evening,1,Indiranagar,1,27.3,5.4,24.5,13.224489795918368,136.0
121,2026-09-08 00:00:00,Tuesday,0,18,Evening,1,Whitefield,1,27.3,17.8,77.8,13.72750642673522,393.0
122,2026-09-08 00:00:00,Tuesday,0,21,Night,0,Jayanagar,1,27.3,10.7,32.4,19.814814814814817,266.0
123,2026-09-08 00:00:00,Tuesday,0,8,Morning,1,MG Road / Central,1,27.3,4.1,16.8,14.64285714285714,114.0
124,2026-09-08 00:00:00,Tuesday,0,12,Afternoon,0,MG Road / Central,1,27.3,4.6,11.1,24.864864864864863,144.0
125,2026-09-08 00:00:00,Tuesday,0,17,Evening,1,Koramangala,1,27.3,15.5,65.0,14.307692307692308,347.0
126,2026-09-08 00:00:00,Tuesday,0,16,Afternoon,0,Koramangala,1,27.3,8.0,16.5,29.09090909090909,185.0
127,2026-09-08 00:00:00,Tuesday,0,19,Evening,1,Electronic City,1,27.3,15.5,53.8,17.286245353159853,397.0
128,2026-09-08 00:00:00,Tuesday,0,23,Night,0,HSR Layout,1,27.3,3.2,4.9,39.18367346938775,98.0
129,2026-09-08 00:00:00,Tuesday,0,0,Night,0,Indiranagar,1,27.3,4.1,10.6,23.20754716981132,132.0
130,2026-09-08 00:00:00,Tuesday,0,6,Morning,0,HSR Layout,1,27.3,7.9,24.0,19.75,186.0
131,2026-09-08 00:00:00,Tuesday,0,9,Morning,1,Whitefield,1,27.3,15.8,60.7,15.617792421746293,386.0
132,2026-09-08 00:00:00,Tuesday,0,14,Afternoon,0,Hebbal,1,27.3,5.2,16.5,18.909090909090907,140.0
133,2026-09-09 00:00:00,Wednesday,0,8,Morning,1,MG Road / Central,1,19.5,9.8,33.8,17.396449704142015,280.0
134,2026-09-09 00:00:00,Wednesday,0,21,Night,0,Electronic City,1,19.5,16.7,45.3,22.119205298013245,363.0
135,2026-09-09 00:00:00,Wednesday,0,8,Morning,1,HSR Layout,1,19.5,13.1,47.3,16.617336152219874,288.0
136,2026-09-09 00:00:00,Wednesday,0,7,Morning,0,HSR Layout,1,19.5,4.2,10.6,23.77358490566038,107.0
137,2026-09-09 00:00:00,Wednesday,0,14,Afternoon,0,Hebbal,1,19.5,9.3,21.2,26.320754716981135,236.0
138,2026-09-09 00:00:00,Wednesday,0,7,Morning,0,MG Road / Central,1,19.5,14.1,40.4,20.94059405940594,388.0
139,2026-09-09 00:00:00,Wednesday,0,13,Afternoon,0,Whitefield,1,19.5,12.6,33.5,22.567164179104477,322.0
140,2026-09-09 00:00:00,Wednesday,0,19,Evening,1,MG Road / Central,1,19.5,16.8,62.7,16.076555023923444,484.0
141,2026-09-09 00:00:00,Wednesday,0,17,Evening,1,Koramangala,1,19.5,16.1,67.2,14.375,371.0
142,2026-09-09 00:00:00,Wednesday,0,5,Morning,0,Indiranagar,1,19.5,7.0,17.0,24.705882352941178,188.0
143,2026-09-09 00:00:00,Wednesday,0,17,Evening,1,Electronic City,1,19.5,14.9,71.6,12.486033519553075,328.0
144,2026-09-09 00:00:00,Wednesday,0,17,Evening,1,Whitefield,1,19.5,15.4,64.5,14.325581395348838,368.0
145,2026-09-09 00:00:00,Wednesday,0,3,Night,0,Electronic City,1,19.5,20.6,38.0,32.526315789473685,493.0
146,2026-09-09 00:00:00,Wednesday,0,1,Night,0,Electronic City,1,19.5,8.7,24.2,21.570247933884296,254.0
147,2026-09-09 00:00:00,Wednesday,0,17,Evening,1,Whitefield,1,19.5,16.2,71.3,13.632538569424966,379.0
148,2026-09-09 00:00:00,Wednesday,0,19,Evening,1,HSR Layout,1,19.5,12.0,51.3,14.035087719298247,331.0
149,2026-09-09 00:00:00,Wednesday,0,12,Afternoon,0,Koramangala,1,19.5,4.9,11.3,26.01769911504425,153.0
150,2026-09-09 00:00:00,Wednesday,0,10,Morning,1,HSR Layout,1,19.5,4.0,12.7,18.897637795275593,124.0
151,2026-09-09 00:00:00,Wednesday,0,14,Afternoon,0,Electronic City,1,19.5,16.9,41.2,24.611650485436886,456.0
152,2026-09-10 00:00:00,Thursday,0,19,Evening,1,Electronic City,0,21.5,10.7,46.8,13.717948717948719,278.0
153,2026-09-10 00:00:00,Thursday,0,13,Afternoon,0,MG Road / Central,0,21.5,9.3,26.8,20.82089552238806,261.0
154,2026-09-10 00:00:00,Thursday,0,10,Morning,1,MG Road / Central,0,21.5,8.1,32.6,14.9079754601227,247.0
155,2026-09-10 00:00:00,Thursday,0,18,Evening,1,HSR Layout,0,21.5,14.9,58.5,15.282051282051283,340.0
156,2026-09-10 00:00:00,Thursday,0,18,Evening,1,Hebbal,0,21.5,9.8,43.0,13.674418604651164,284.0
157,2026-09-10 00:00:00,Thursday,0,13,Afternoon,0,Hebbal,0,21.5,21.9,41.8,31.43540669856459,468.0
158,2026-09-10 00:00:00,Thursday,0,9,Morning,1,Jayanagar,0,21.5,5.7,23.7,14.430379746835445,170.0
159,2026-09-10 00:00:00,Thursday,0,15,Afternoon,0,Koramangala,0,21.5,14.6,32.7,26.78899082568807,353.0
160,2026-09-10 00:00:00,Thursday,0,18,Evening,1,MG Road / Central,0,21.5,3.9,11.0,21.272727272727273,121.0
161,2026-09-10 00:00:00,Thursday,0,11,Morning,1,HSR Layout,0,21.5,5.3,10.9,29.174311926605505,148.0
162,2026-09-10 00:00:00,Thursday,0,19,Evening,1,Electronic City,0,21.5,15.7,75.2,12.526595744680849,441.0
163,2026-09-10 00:00:00,Thursday,0,22,Night,0,Koramangala,0,21.5,9.9,18.4,32.28260869565218,238.0
164,2026-09-10 00:00:00,Thursday,0,21,Night,0,MG Road / Central,0,21.5,6.1,13.1,27.938931297709924,143.0
165,2026-09-10 00:00:00,Thursday,0,6,Morning,0,Jayanagar,0,21.5,10.3,17.8,34.71910112359551,269.0
166,2026-09-10 00:00:00,Thursday,0,14,Afternoon,0,Indiranagar,0,21.5,12.4,28.0,26.571428571428573,299.0
167,2026-09-10 00:00:00,Thursday,0,18,Evening,1,MG Road / Central,0,21.5,5.4,24.7,13.117408906882591,155.0
168,2026-09-10 00:00:00,Thursday,0,17,Evening,1,Jayanagar,0,21.5,4.3,17.2,14.999999999999998,129.0
169,2026-09-10 00:00:00,Thursday,0,8,Morning,1,Koramangala,0,21.5,4.2,20.8,12.115384615384615,108.0
170,2026-09-10 00:00:00,Thursday,0,9,Morning,1,Hebbal,0,21.5,21.2,92.1,13.811074918566776,459.0
171,2026-09-11 00:00:00,Friday,0,18,Evening,1,HSR Layout,1,26.3,14.1,59.9,14.123539232053423,374.0
172,2026-09-11 00:00:00,Friday,0,5,Morning,0,Electronic City,1,26.3,18.0,38.2,28.272251308900522,424.0
173,2026-09-11 00:00:00,Friday,0,5,Morning,0,Hebbal,1,26.3,9.1,26.1,20.919540229885058,251.0
174,2026-09-11 00:00:00,Friday,0,19,Evening,1,MG Road / Central,1,26.3,4.9,17.5,16.8,147.0
175,2026-09-11 00:00:00,Friday,0,17,Evening,1,Koramangala,1,26.3,2.1,11.1,11.351351351351353,67.0
176,2026-09-11 00:00:00,Friday,0,5,Morning,0,Whitefield,1,26.3,11.4,30.4,22.500000000000004,252.0
177,2026-09-11 00:00:00,Friday,0,19,Evening,1,Electronic City,1,26.3,15.6,62.8,14.904458598726114,430.0
178,2026-09-11 00:00:00,Friday,0,19,Evening,1,Indiranagar,1,26.3,10.3,36.2,17.07182320441989,269.0
179,2026-09-11 00:00:00,Friday,0,17,Evening,1,Jayanagar,1,26.3,6.2,23.1,16.103896103896105,178.0
180,2026-09-11 00:00:00,Friday,0,9,Morning,1,Jayanagar,1,26.3,8.8,41.0,12.878048780487806,221.0
181,2026-09-11 00:00:00,Friday,0,13,Afternoon,0,MG Road / Central,1,26.3,15.9,39.1,24.398976982097185,404.0
182,2026-09-11 00:00:00,Friday,0,14,Afternoon,0,Jayanagar,1,26.3,3.8,9.8,23.265306122448976,121.0
183,2026-09-12 00:00:00,Saturday,1,7,Morning,0,Indiranagar,1,25.7,15.5,41.6,22.35576923076923,421.0
184,2026-09-12 00:00:00,Saturday,1,19,Evening,1,Whitefield,1,25.7,12.1,57.5,12.626086956521739,268.0
185,2026-09-12 00:00:00,Saturday,1,18,Evening,1,Whitefield,1,25.7,16.7,68.4,14.649122807017541,454.0
186,2026-09-12 00:00:00,Saturday,1,16,Afternoon,0,Whitefield,1,25.7,18.6,51.4,21.71206225680934,502.0
187,2026-09-12 00:00:00,Saturday,1,20,Evening,1,Electronic City,1,25.7,6.7,30.0,13.4,198.0
188,2026-09-12 00:00:00,Saturday,1,19,Evening,1,Electronic City,1,25.7,16.7,68.6,14.606413994169095,455.0
189,2026-09-12 00:00:00,Saturday,1,17,Evening,1,Koramangala,1,25.7,2.2,6.7,19.701492537313435,67.0
190,2026-09-12 00:00:00,Saturday,1,19,Evening,1,HSR Layout,1,25.7,9.9,40.2,14.776119402985074,296.0
191,2026-09-12 00:00:00,Saturday,1,6,Morning,0,Whitefield,1,25.7,22.4,65.3,20.58192955589586,497.0
192,2026-09-12 00:00:00,Saturday,1,13,Afternoon,0,Koramangala,1,25.7,3.0,8.6,20.930232558139533,104.0
193,2026-09-12 00:00:00,Saturday,1,15,Afternoon,0,Electronic City,1,25.7,14.5,39.9,21.80451127819549,351.0
194,2026-09-12 00:00:00,Saturday,1,7,Morning,0,Hebbal,1,25.7,20.8,36.9,33.82113821138211,572.0
195,2026-09-13 00:00:00,Sunday,1,7,Morning,0,Hebbal,1,20.7,20.4,47.9,25.55323590814196,465.0
196,2026-09-13 00:00:00,Sunday,1,4,Night,0,Koramangala,1,20.7,4.8,14.6,19.726027397260275,152.0
197,2026-09-13 00:00:00,Sunday,1,12,Afternoon,0,Hebbal,1,20.7,13.3,30.5,26.16393442622951,347.0
198,2026-09-13 00:00:00,Sunday,1,6,Morning,0,Koramangala,1,20.7,5.4,17.0,19.058823529411768,141.0
199,2026-09-13 00:00:00,Sunday,1,20,Evening,1,Indiranagar,1,20.7,5.6,21.7,15.483870967741936,138.0
200,2026-09-13 00:00:00,Sunday,1,23,Night,0,HSR Layout,1,20.7,6.4,13.4,28.65671641791045,186.0
201,2026-09-13 00:00:00,Sunday,1,6,Morning,0,Whitefield,1,20.7,12.2,24.2,30.24793388429752,331.0
202,2026-09-13 00:00:00,Sunday,1,14,Afternoon,0,MG Road / Central,1,20.7,5.1,8.5,36.0,156.0
203,2026-09-13 00:00:00,Sunday,1,9,Morning,1,Whitefield,1,20.7,16.4,70.6,13.937677053824363,390.0
204,2026-09-13 00:00:00,Sunday,1,8,Morning,1,Whitefield,1,20.7,13.8,54.8,15.109489051094892,361.0
205,2026-09-13 00:00:00,Sunday,1,15,Afternoon,0,MG Road / Central,1,20.7,17.0,48.6,20.98765432098765,397.0
206,2026-09-13 00:00:00,Sunday,1,14,Afternoon,0,Whitefield,1,20.7,18.5,39.4,28.17258883248731,523.0
207,2026-09-13 00:00:00,Sunday,1,19,Evening,1,Whitefield,1,20.7,16.6,67.0,14.865671641791046,477.0
208,2026-09-13 00:00:00,Sunday,1,18,Evening,1,Indiranagar,1,20.7,8.1,36.4,13.35164835164835,239.0
209,2026-09-13 00:00:00,Sunday,1,4,Night,0,Indiranagar,1,20.7,8.2,18.2,27.03296703296703,241.0
210,2026-09-14 00:00:00,Monday,0,18,Evening,1,Jayanagar,0,20.9,4.4,16.4,16.09756097560976,139.0
211,2026-09-14 00:00:00,Monday,0,17,Evening,1,Whitefield,0,20.9,16.3,60.6,16.13861386138614,422.0
212,2026-09-14 00:00:00,Monday,0,1,Night,0,Indiranagar,0,20.9,7.1,15.8,26.96202531645569,202.0
213,2026-09-14 00:00:00,Monday,0,21,Night,0,Jayanagar,0,20.9,10.4,26.8,23.28358208955224,266.0
214,2026-09-14 00:00:00,Monday,0,8,Morning,1,Hebbal,0,20.9,9.0,37.6,14.361702127659573,253.0
215,2026-09-14 00:00:00,Monday,0,20,Evening,1,Indiranagar,0,20.9,10.9,40.6,16.108374384236456,256.0
216,2026-09-14 00:00:00,Monday,0,16,Afternoon,0,Hebbal,0,20.9,9.7,20.3,28.669950738916256,291.0
217,2026-09-14 00:00:00,Monday,0,16,Afternoon,0,Hebbal,0,20.9,13.9,26.4,31.59090909090909,399.0
218,2026-09-14 00:00:00,Monday,0,18,Evening,1,Indiranagar,0,20.9,8.1,32.7,14.862385321100916,214.0
219,2026-09-14 00:00:00,Monday,0,17,Evening,1,Electronic City,0,20.9,9.3,34.0,16.411764705882355,219.0
220,2026-09-14 00:00:00,Monday,0,10,Morning,1,Indiranagar,0,20.9,6.8,21.1,19.33649289099526,208.0
221,2026-09-14 00:00:00,Monday,0,22,Night,0,Hebbal,0,20.9,11.9,25.2,28.333333333333336,292.0
222,2026-09-14 00:00:00,Monday,0,8,Morning,1,HSR Layout,0,20.9,12.4,52.1,14.280230326295584,363.0
223,2026-09-14 00:00:00,Monday,0,3,Night,0,Whitefield,0,20.9,12.6,33.8,22.366863905325445,345.0
224,2026-09-15 00:00:00,Tuesday,0,23,Night,0,Indiranagar,0,22.3,4.4,10.0,26.400000000000002,130.0
225,2026-09-15 00:00:00,Tuesday,0,15,Afternoon,0,Indiranagar,0,22.3,6.9,18.7,22.13903743315508,208.0
226,2026-09-15 00:00:00,Tuesday,0,19,Evening,1,Electronic City,0,22.3,15.3,68.4,13.421052631578947,414.0
227,2026-09-15 00:00:00,Tuesday,0,20,Evening,1,Hebbal,0,22.3,5.2,20.8,15.0,161.0
228,2026-09-15 00:00:00,Tuesday,0,5,Morning,0,Whitefield,0,22.3,14.7,28.6,30.839160839160837,325.0
229,2026-09-15 00:00:00,Tuesday,0,3,Night,0,HSR Layout,0,22.3,14.4,31.6,27.34177215189873,323.0
230,2026-09-15 00:00:00,Tuesday,0,9,Morning,1,Koramangala,0,22.3,13.9,45.5,18.329670329670332,319.0
231,2026-09-15 00:00:00,Tuesday,0,8,Morning,1,Indiranagar,0,22.3,7.2,32.2,13.41614906832298,216.0
232,2026-09-15 00:00:00,Tuesday,0,7,Morning,0,Whitefield,0,22.3,16.4,43.1,22.830626450116007,411.0
233,2026-09-15 00:00:00,Tuesday,0,21,Night,0,Indiranagar,0,22.3,9.5,24.1,23.651452282157678,217.0
234,2026-09-15 00:00:00,Tuesday,0,17,Evening,1,Jayanagar,0,22.3,15.6,55.8,16.774193548387096,423.0
235,2026-09-15 00:00:00,Tuesday,0,18,Evening,1,Koramangala,0,22.3,3.0,16.1,11.180124223602483,103.0
236,2026-09-15 00:00:00,Tuesday,0,18,Evening,1,Hebbal,0,22.3,8.4,42.4,11.88679245283019,236.0
237,2026-09-15 00:00:00,Tuesday,0,14,Afternoon,0,Jayanagar,0,22.3,10.5,28.1,22.419928825622772,278.0
238,2026-09-15 00:00:00,Tuesday,0,21,Night,0,Jayanagar,0,22.3,1.8,3.2,33.75,57.0
239,2026-09-15 00:00:00,Tuesday,0,22,Night,0,Jayanagar,0,22.3,4.7,10.8,26.11111111111111,121.0
240,2026-09-15 00:00:00,Tuesday,0,8,Morning,1,HSR Layout,0,22.3,8.3,35.5,14.028169014084508,223.0
241,2026-09-16 00:00:00,Wednesday,0,17,Evening,1,Electronic City,1,23.4,8.5,34.8,14.655172413793105,231.0
242,2026-09-16 00:00:00,Wednesday,0,17,Evening,1,Hebbal,1,23.4,9.6,30.9,18.640776699029125,264.0
243,2026-09-16 00:00:00,Wednesday,0,16,Afternoon,0,Electronic City,1,23.4,15.1,33.7,26.884272997032635,346.0
244,2026-09-16 00:00:00,Wednesday,0,8,Morning,1,HSR Layout,1,23.4,13.3,45.0,17.733333333333334,358.0
245,2026-09-16 00:00:00,Wednesday,0,19,Evening,1,Electronic City,1,23.4,10.8,45.7,14.179431072210066,237.0
246,2026-09-16 00:00:00,Wednesday,0,4,Night,0,Jayanagar,1,23.4,8.2,22.9,21.484716157205238,198.0
247,2026-09-16 00:00:00,Wednesday,0,9,Morning,1,HSR Layout,1,23.4,5.1,20.1,15.223880597014924,160.0
248,2026-09-16 00:00:00,Wednesday,0,20,Evening,1,Koramangala,1,23.4,12.4,43.3,17.182448036951502,354.0
249,2026-09-16 00:00:00,Wednesday,0,13,Afternoon,0,Koramangala,1,23.4,10.7,25.7,24.98054474708171,239.0
250,2026-09-16 00:00:00,Wednesday,0,20,Evening,1,Koramangala,1,23.4,2.7,13.1,12.366412213740459,74.0
251,2026-09-16 00:00:00,Wednesday,0,19,Evening,1,Indiranagar,1,23.4,11.4,52.8,12.954545454545455,276.0
252,2026-09-16 00:00:00,Wednesday,0,19,Evening,1,Hebbal,1,23.4,18.6,79.1,14.108723135271811,467.0
253,2026-09-16 00:00:00,Wednesday,0,17,Evening,1,Whitefield,1,23.4,11.1,47.1,14.140127388535031,279.0
254,2026-09-17 00:00:00,Thursday,0,18,Evening,1,HSR Layout,1,24.6,12.8,44.7,17.181208053691275,331.0
255,2026-09-17 00:00:00,Thursday,0,14,Afternoon,0,Jayanagar,1,24.6,9.7,22.5,25.866666666666664,233.0
256,2026-09-17 00:00:00,Thursday,0,11,Morning,1,Indiranagar,1,24.6,5.2,14.1,22.127659574468087,141.0
257,2026-09-17 00:00:00,Thursday,0,22,Night,0,HSR Layout,1,24.6,7.1,18.3,23.278688524590162,213.0
258,2026-09-17 00:00:00,Thursday,0,17,Evening,1,Whitefield,1,24.6,12.6,48.7,15.523613963039011,346.0
259,2026-09-17 00:00:00,Thursday,0,19,Evening,1,Koramangala,1,24.6,15.9,55.0,17.345454545454547,348.0
260,2026-09-17 00:00:00,Thursday,0,19,Evening,1,Electronic City,1,24.6,9.6,33.7,17.091988130563795,241.0
261,2026-09-17 00:00:00,Thursday,0,18,Evening,1,Electronic City,1,24.6,15.8,65.5,14.473282442748094,419.0
262,2026-09-17 00:00:00,Thursday,0,15,Afternoon,0,MG Road / Central,1,24.6,6.4,13.8,27.82608695652174,176.0
263,2026-09-17 00:00:00,Thursday,0,8,Morning,1,Electronic City,1,24.6,16.5,67.0,14.776119402985074,384.0
264,2026-09-17 00:00:00,Thursday,0,18,Evening,1,HSR Layout,1,24.6,8.7,38.4,13.593749999999998,211.0
265,2026-09-17 00:00:00,Thursday,0,12,Afternoon,0,Jayanagar,1,24.6,5.6,13.6,24.705882352941178,156.0
266,2026-09-17 00:00:00,Thursday,0,19,Evening,1,Electronic City,1,24.6,9.9,39.1,15.191815856777493,280.0
267,2026-09-17 00:00:00,Thursday,0,2,Night,0,Whitefield,1,24.6,16.9,35.0,28.971428571428568,443.0
268,2026-09-17 00:00:00,Thursday,0,6,Morning,0,Whitefield,1,24.6,16.5,43.5,22.758620689655174,359.0
269,2026-09-17 00:00:00,Thursday,0,16,Afternoon,0,Indiranagar,1,24.6,9.4,20.4,27.647058823529417,210.0
270,2026-09-17 00:00:00,Thursday,0,17,Evening,1,MG Road / Central,1,24.6,6.4,25.5,15.058823529411766,174.0
271,2026-09-18 00:00:00,Friday,0,18,Evening,1,Electronic City,0,22.3,12.1,47.3,15.348837209302324,346.0
272,2026-09-18 00:00:00,Friday,0,12,Afternoon,0,Electronic City,0,22.3,9.2,17.7,31.1864406779661,237.0
273,2026-09-18 00:00:00,Friday,0,17,Evening,1,Jayanagar,0,22.3,7.4,30.5,14.55737704918033,216.0
274,2026-09-18 00:00:00,Friday,0,7,Morning,0,Jayanagar,0,22.3,10.7,23.2,27.67241379310345,316.0
275,2026-09-18 00:00:00,Friday,0,6,Morning,0,HSR Layout,0,22.3,9.3,24.2,23.057851239669425,237.0
276,2026-09-18 00:00:00,Friday,0,10,Morning,1,Electronic City,0,22.3,10.1,46.0,13.17391304347826,303.0
277,2026-09-18 00:00:00,Friday,0,9,Morning,1,Hebbal,0,22.3,19.6,67.8,17.345132743362836,546.0
278,2026-09-18 00:00:00,Friday,0,6,Morning,0,Electronic City,0,22.3,16.2,38.7,25.11627906976744,472.0
279,2026-09-18 00:00:00,Friday,0,7,Morning,0,Hebbal,0,22.3,14.6,39.3,22.290076335877863,413.0
280,2026-09-18 00:00:00,Friday,0,14,Afternoon,0,Jayanagar,0,22.3,5.6,11.2,30.0,140.0
281,2026-09-18 00:00:00,Friday,0,15,Afternoon,0,Koramangala,0,22.3,2.3,6.9,19.999999999999996,72.0
282,2026-09-18 00:00:00,Friday,0,13,Afternoon,0,Whitefield,0,22.3,10.7,23.7,27.08860759493671,244.0
283,2026-09-18 00:00:00,Friday,0,16,Afternoon,0,Hebbal,0,22.3,10.9,20.9,31.291866028708135,323.0
284,2026-09-18 00:00:00,Friday,0,11,Morning,1,Electronic City,0,22.3,10.9,30.5,21.442622950819676,323.0
285,2026-09-18 00:00:00,Friday,0,8,Morning,1,Electronic City,0,22.3,12.5,60.2,12.458471760797341,322.0
286,2026-09-18 00:00:00,Friday,0,8,Morning,1,Indiranagar,0,22.3,12.3,49.9,14.789579158316634,314.0
287,2026-09-18 00:00:00,Friday,0,16,Afternoon,0,Koramangala,0,22.3,4.5,11.3,23.89380530973451,146.0
288,2026-09-18 00:00:00,Friday,0,17,Evening,1,Hebbal,0,22.3,10.0,39.9,15.037593984962408,224.0
289,2026-09-18 00:00:00,Friday,0,9,Morning,1,Whitefield,0,22.3,13.1,45.8,17.16157205240175,346.0
290,2026-09-18 00:00:00,Friday,0,8,Morning,1,Jayanagar,0,22.3,9.0,34.0,15.882352941176471,267.0
291,2026-09-18 00:00:00,Friday,0,9,Morning,1,Koramangala,0,22.3,10.5,42.0,15.000000000000002,252.0
292,2026-09-19 00:00:00,Saturday,1,9,Morning,1,Electronic City,0,23.2,14.9,75.4,11.856763925729442,402.0
293,2026-09-19 00:00:00,Saturday,1,19,Evening,1,MG Road / Central,0,23.2,8.1,36.3,13.388429752066115,242.0
294,2026-09-19 00:00:00,Saturday,1,5,Morning,0,Hebbal,0,23.2,7.3,16.6,26.385542168674696,200.0
295,2026-09-19 00:00:00,Saturday,1,19,Evening,1,Electronic City,0,23.2,10.9,40.1,16.30922693266833,265.0
296,2026-09-19 00:00:00,Saturday,1,18,Evening,1,Whitefield,0,23.2,16.6,79.5,12.528301886792454,478.0
297,2026-09-19 00:00:00,Saturday,1,17,Evening,1,Whitefield,0,23.2,12.2,60.2,12.159468438538203,315.0
298,2026-09-19 00:00:00,Saturday,1,12,Afternoon,0,Electronic City,0,23.2,8.7,25.2,20.71428571428571,210.0
299,2026-09-19 00:00:00,Saturday,1,9,Morning,1,Jayanagar,0,23.2,10.0,43.0,13.953488372093023,223.0
300,2026-09-19 00:00:00,Saturday,1,17,Evening,1,Hebbal,0,23.2,18.5,67.4,16.468842729970323,461.0
301,2026-09-19 00:00:00,Saturday,1,8,Morning,1,Whitefield,0,23.2,12.0,56.5,12.743362831858407,333.0
302,2026-09-19 00:00:00,Saturday,1,13,Afternoon,0,Hebbal,0,23.2,20.9,55.5,22.594594594594593,542.0
303,2026-09-19 00:00:00,Saturday,1,10,Morning,1,Indiranagar,0,23.2,10.6,42.2,15.071090047393364,236.0
304,2026-09-20 00:00:00,Sunday,1,5,Morning,0,Koramangala,1,25.7,10.8,28.0,23.142857142857142,239.0
305,2026-09-20 00:00:00,Sunday,1,21,Night,0,Whitefield,1,25.7,16.4,30.1,32.69102990033222,409.0
306,2026-09-20 00:00:00,Sunday,1,18,Evening,1,Hebbal,1,25.7,13.6,47.9,17.035490605427974,293.0
307,2026-09-20 00:00:00,Sunday,1,9,Morning,1,Electronic City,1,25.7,16.6,63.5,15.68503937007874,357.0
308,2026-09-20 00:00:00,Sunday,1,12,Afternoon,0,Koramangala,1,25.7,10.7,27.6,23.260869565217387,257.0
309,2026-09-20 00:00:00,Sunday,1,17,Evening,1,Jayanagar,1,25.7,9.2,38.0,14.526315789473683,271.0
310,2026-09-20 00:00:00,Sunday,1,19,Evening,1,Hebbal,1,25.7,13.3,50.6,15.770750988142293,303.0
311,2026-09-20 00:00:00,Sunday,1,3,Night,0,Hebbal,1,25.7,9.7,25.5,22.823529411764707,259.0
312,2026-09-20 00:00:00,Sunday,1,11,Morning,1,Hebbal,1,25.7,6.8,17.7,23.050847457627118,185.0
313,2026-09-20 00:00:00,Sunday,1,6,Morning,0,Whitefield,1,25.7,11.8,33.2,21.32530120481928,288.0
314,2026-09-20 00:00:00,Sunday,1,14,Afternoon,0,HSR Layout,1,25.7,8.0,19.5,24.615384615384613,199.0
315,2026-09-20 00:00:00,Sunday,1,2,Night,0,Whitefield,1,25.7,21.4,55.2,23.260869565217387,490.0
316,2026-09-20 00:00:00,Sunday,1,18,Evening,1,MG Road / Central,1,25.7,6.9,27.8,14.892086330935253,180.0
317,2026-09-20 00:00:00,Sunday,1,14,Afternoon,0,HSR Layout,1,25.7,4.9,11.0,26.72727272727273,144.0
318,2026-09-20 00:00:00,Sunday,1,15,Afternoon,0,Koramangala,1,25.7,5.1,8.2,37.31707317073171,140.0
319,2026-09-20 00:00:00,Sunday,1,8,Morning,1,Electronic City,1,25.7,14.8,68.6,12.94460641399417,346.0
320,2026-09-20 00:00:00,Sunday,1,20,Evening,1,MG Road / Central,1,25.7,6.4,25.7,14.941634241245136,177.0
321,2026-09-20 00:00:00,Sunday,1,8,Morning,1,Whitefield,1,25.7,10.7,38.6,16.632124352331605,244.0
322,2026-09-20 00:00:00,Sunday,1,1,Night,0,Jayanagar,1,25.7,11.4,25.1,27.250996015936256,292.0
323,2026-09-21 00:00:00,Monday,0,16,Afternoon,0,Electronic City,1,19.3,7.1,15.9,26.792452830188676,166.0
324,2026-09-21 00:00:00,Monday,0,18,Evening,1,MG Road / Central,1,19.3,16.7,62.9,15.930047694753576,466.0
325,2026-09-21 00:00:00,Monday,0,12,Afternoon,0,Electronic City,1,19.3,8.7,17.1,30.526315789473678,240.0
326,2026-09-21 00:00:00,Monday,0,18,Evening,1,Whitefield,1,19.3,12.4,56.3,13.21492007104796,269.0
327,2026-09-21 00:00:00,Monday,0,14,Afternoon,0,Electronic City,1,19.3,10.7,20.9,30.717703349282296,291.0
328,2026-09-21 00:00:00,Monday,0,12,Afternoon,0,Indiranagar,1,19.3,8.0,20.2,23.762376237623762,237.0
329,2026-09-21 00:00:00,Monday,0,10,Morning,1,Hebbal,1,19.3,9.2,43.7,12.63157894736842,255.0
330,2026-09-21 00:00:00,Monday,0,9,Morning,1,HSR Layout,1,19.3,13.6,56.4,14.46808510638298,317.0
331,2026-09-21 00:00:00,Monday,0,19,Evening,1,MG Road / Central,1,19.3,5.7,22.3,15.336322869955156,145.0
332,2026-09-21 00:00:00,Monday,0,7,Morning,0,Jayanagar,1,19.3,6.9,14.4,28.75,198.0
333,2026-09-21 00:00:00,Monday,0,1,Night,0,Hebbal,1,19.3,9.8,21.8,26.972477064220186,281.0
334,2026-09-21 00:00:00,Monday,0,7,Morning,0,Indiranagar,1,19.3,6.9,14.4,28.75,203.0
335,2026-09-21 00:00:00,Monday,0,11,Morning,1,Electronic City,1,19.3,21.1,52.7,24.022770398481974,442.0
336,2026-09-22 00:00:00,Tuesday,0,13,Afternoon,0,Electronic City,0,21.3,16.3,34.8,28.10344827586207,459.0
337,2026-09-22 00:00:00,Tuesday,0,16,Afternoon,0,Electronic City,0,21.3,16.2,43.6,22.293577981651374,377.0
338,2026-09-22 00:00:00,Tuesday,0,7,Morning,0,MG Road / Central,0,21.3,16.8,41.9,24.057279236276848,426.0
339,2026-09-22 00:00:00,Tuesday,0,9,Morning,1,HSR Layout,0,21.3,13.8,50.5,16.396039603960396,405.0
340,2026-09-22 00:00:00,Tuesday,0,13,Afternoon,0,Whitefield,0,21.3,16.7,34.8,28.79310344827586,400.0
341,2026-09-22 00:00:00,Tuesday,0,7,Morning,0,HSR Layout,0,21.3,6.8,12.5,32.64,168.0
342,2026-09-22 00:00:00,Tuesday,0,21,Night,0,HSR Layout,0,21.3,4.4,9.6,27.5,123.0
343,2026-09-22 00:00:00,Tuesday,0,18,Evening,1,Indiranagar,0,21.3,3.3,11.4,17.36842105263158,104.0
344,2026-09-22 00:00:00,Tuesday,0,19,Evening,1,Indiranagar,0,21.3,4.8,18.6,15.483870967741934,148.0
345,2026-09-22 00:00:00,Tuesday,0,8,Morning,1,Indiranagar,0,21.3,9.8,45.4,12.951541850220266,219.0
346,2026-09-22 00:00:00,Tuesday,0,7,Morning,0,Whitefield,0,21.3,13.5,28.9,28.027681660899656,364.0
347,2026-09-22 00:00:00,Tuesday,0,7,Morning,0,HSR Layout,0,21.3,6.0,12.5,28.799999999999997,164.0
348,2026-09-22 00:00:00,Tuesday,0,9,Morning,1,Whitefield,0,21.3,16.4,63.9,15.39906103286385,355.0
349,2026-09-22 00:00:00,Tuesday,0,10,Morning,1,Koramangala,0,21.3,4.8,15.8,18.22784810126582,142.0
350,2026-09-22 00:00:00,Tuesday,0,9,Morning,1,Indiranagar,0,21.3,11.5,52.0,13.269230769230768,284.0
351,2026-09-22 00:00:00,Tuesday,0,11,Morning,1,Hebbal,0,21.3,21.7,45.9,28.366013071895424,564.0
352,2026-09-23 00:00:00,Wednesday,0,10,Morning,1,MG Road / Central,0,25.4,3.6,14.0,15.428571428571429,102.0
353,2026-09-23 00:00:00,Wednesday,0,8,Morning,1,Electronic City,0,25.4,10.1,36.7,16.51226158038147,243.0
354,2026-09-23 00:00:00,Wednesday,0,20,Evening,1,Koramangala,0,25.4,5.7,22.0,15.545454545454547,147.0
355,2026-09-23 00:00:00,Wednesday,0,16,Afternoon,0,Jayanagar,0,25.4,3.4,10.4,19.615384615384613,103.0
356,2026-09-23 00:00:00,Wednesday,0,17,Evening,1,Indiranagar,0,25.4,8.5,36.5,13.972602739726028,252.0
357,2026-09-23 00:00:00,Wednesday,0,16,Afternoon,0,Jayanagar,0,25.4,2.7,8.7,18.620689655172416,91.0
358,2026-09-23 00:00:00,Wednesday,0,9,Morning,1,Hebbal,0,25.4,20.2,97.9,12.379979570990805,567.0
359,2026-09-23 00:00:00,Wednesday,0,20,Evening,1,Hebbal,0,25.4,4.7,17.6,16.022727272727273,119.0
360,2026-09-23 00:00:00,Wednesday,0,18,Evening,1,Electronic City,0,25.4,10.6,42.1,15.10688836104513,285.0
361,2026-09-23 00:00:00,Wednesday,0,4,Night,0,Whitefield,0,25.4,16.5,36.7,26.975476839237057,426.0
362,2026-09-23 00:00:00,Wednesday,0,0,Night,0,MG Road / Central,0,25.4,3.9,9.4,24.893617021276594,124.0
363,2026-09-23 00:00:00,Wednesday,0,20,Evening,1,Hebbal,0,25.4,14.9,69.1,12.937771345875543,356.0
364,2026-09-23 00:00:00,Wednesday,0,6,Morning,0,Hebbal,0,25.4,14.8,30.5,29.11475409836066,375.0
365,2026-09-23 00:00:00,Wednesday,0,9,Morning,1,MG Road / Central,0,25.4,7.8,37.6,12.446808510638297,230.0
366,2026-09-24 00:00:00,Thursday,0,9,Morning,1,Indiranagar,0,27.1,6.2,22.7,16.387665198237887,186.0
367,2026-09-24 00:00:00,Thursday,0,13,Afternoon,0,HSR Layout,0,27.1,13.6,29.2,27.945205479452056,369.0
368,2026-09-24 00:00:00,Thursday,0,20,Evening,1,Indiranagar,0,27.1,9.1,43.0,12.69767441860465,265.0
369,2026-09-24 00:00:00,Thursday,0,8,Morning,1,Koramangala,0,27.1,9.3,38.4,14.53125,232.0
370,2026-09-24 00:00:00,Thursday,0,5,Morning,0,MG Road / Central,0,27.1,14.9,29.6,30.2027027027027,374.0
371,2026-09-24 00:00:00,Thursday,0,21,Night,0,Koramangala,0,27.1,11.9,30.5,23.409836065573774,353.0
372,2026-09-24 00:00:00,Thursday,0,14,Afternoon,0,Electronic City,0,27.1,14.3,27.7,30.974729241877256,320.0
373,2026-09-24 00:00:00,Thursday,0,17,Evening,1,HSR Layout,0,27.1,4.7,22.5,12.533333333333333,149.0
374,2026-09-24 00:00:00,Thursday,0,19,Evening,1,Jayanagar,0,27.1,17.3,62.7,16.555023923444974,367.0
375,2026-09-24 00:00:00,Thursday,0,20,Evening,1,MG Road / Central,0,27.1,4.7,14.0,20.142857142857142,141.0
376,2026-09-24 00:00:00,Thursday,0,9,Morning,1,Electronic City,0,27.1,10.1,47.5,12.757894736842106,237.0
377,2026-09-24 00:00:00,Thursday,0,15,Afternoon,0,HSR Layout,0,27.1,4.5,5.9,45.762711864406775,121.0
378,2026-09-24 00:00:00,Thursday,0,20,Evening,1,Jayanagar,0,27.1,2.2,8.1,16.2962962962963,65.0
379,2026-09-24 00:00:00,Thursday,0,14,Afternoon,0,Indiranagar,0,27.1,5.8,14.0,24.857142857142858,145.0
380,2026-09-24 00:00:00,Thursday,0,12,Afternoon,0,MG Road / Central,0,27.1,16.0,33.9,28.31858407079646,423.0
381,2026-09-24 00:00:00,Thursday,0,8,Morning,1,MG Road / Central,0,27.1,3.3,11.3,17.522123893805308,91.0
382,2026-09-24 00:00:00,Thursday,0,13,Afternoon,0,Electronic City,0,27.1,10.8,21.7,29.861751152073737,249.0
383,2026-09-25 00:00:00,Friday,0,20,Evening,1,HSR Layout,0,23.6,4.1,19.7,12.48730964467005,129.0
384,2026-09-25 00:00:00,Friday,0,14,Afternoon,0,Electronic City,0,23.6,10.1,19.4,31.23711340206186,260.0
385,2026-09-25 00:00:00,Friday,0,19,Evening,1,Jayanagar,0,23.6,10.8,39.8,16.28140703517588,269.0
386,2026-09-25 00:00:00,Friday,0,20,Evening,1,Indiranagar,0,23.6,11.5,45.2,15.265486725663715,316.0
387,2026-09-25 00:00:00,Friday,0,8,Morning,1,Whitefield,0,23.6,17.2,61.4,16.807817589576548,495.0
388,2026-09-25 00:00:00,Friday,0,13,Afternoon,0,Indiranagar,0,23.6,9.4,26.2,21.52671755725191,241.0
389,2026-09-25 00:00:00,Friday,0,19,Evening,1,Koramangala,0,23.6,4.6,21.2,13.018867924528301,147.0
390,2026-09-25 00:00:00,Friday,0,12,Afternoon,0,Whitefield,0,23.6,10.5,25.4,24.803149606299215,270.0
391,2026-09-25 00:00:00,Friday,0,22,Night,0,HSR Layout,0,23.6,5.0,9.1,32.967032967032964,139.0
392,2026-09-25 00:00:00,Friday,0,4,Night,0,Hebbal,0,23.6,20.1,36.5,33.041095890410965,529.0
393,2026-09-25 00:00:00,Friday,0,16,Afternoon,0,MG Road / Central,0,23.6,8.6,16.6,31.08433734939759,226.0
394,2026-09-25 00:00:00,Friday,0,9,Morning,1,MG Road / Central,0,23.6,16.5,55.4,17.87003610108303,397.0
395,2026-09-25 00:00:00,Friday,0,3,Night,0,HSR Layout,0,23.6,4.5,10.2,26.47058823529412,143.0
396,2026-09-25 00:00:00,Friday,0,19,Evening,1,MG Road / Central,0,23.6,13.9,55.3,15.081374321880652,365.0
397,2026-09-25 00:00:00,Friday,0,8,Morning,1,Whitefield,0,23.6,14.2,54.2,15.719557195571953,332.0
398,2026-09-25 00:00:00,Friday,0,17,Evening,1,Hebbal,0,23.6,12.8,48.4,15.867768595041325,290.0
399,2026-09-25 00:00:00,Friday,0,3,Night,0,HSR Layout,0,23.6,12.6,29.8,25.36912751677852,321.0
400,2026-09-25 00:00:00,Friday,0,19,Evening,1,Whitefield,0,23.6,16.1,74.7,12.931726907630521,449.0
401,2026-09-25 00:00:00,Friday,0,15,Afternoon,0,Jayanagar,0,23.6,10.9,20.3,32.21674876847291,275.0
402,2026-09-25 00:00:00,Friday,0,8,Morning,1,Jayanagar,0,23.6,10.4,40.4,15.445544554455445,309.0
403,2026-09-26 00:00:00,Saturday,1,7,Morning,0,Whitefield,1,23.8,20.3,36.5,33.369863013698634,505.0
404,2026-09-26 00:00:00,Saturday,1,1,Night,0,Hebbal,1,23.8,9.7,24.2,24.049586776859503,268.0
405,2026-09-26 00:00:00,Saturday,1,8,Morning,1,MG Road / Central,1,23.8,9.3,33.2,16.80722891566265,229.0
406,2026-09-26 00:00:00,Saturday,1,21,Night,0,MG Road / Central,1,23.8,8.9,22.1,24.16289592760181,209.0
407,2026-09-26 00:00:00,Saturday,1,0,Night,0,Hebbal,1,23.8,4.8,12.0,23.999999999999996,119.0
408,2026-09-26 00:00:00,Saturday,1,19,Evening,1,Electronic City,1,23.8,14.4,47.7,18.11320754716981,346.0
409,2026-09-26 00:00:00,Saturday,1,8,Morning,1,Koramangala,1,23.8,10.8,37.1,17.466307277628033,298.0
410,2026-09-26 00:00:00,Saturday,1,17,Evening,1,Jayanagar,1,23.8,15.7,56.3,16.731793960923625,410.0
411,2026-09-26 00:00:00,Saturday,1,4,Night,0,Whitefield,1,23.8,12.8,29.6,25.945945945945947,278.0
412,2026-09-26 00:00:00,Saturday,1,19,Evening,1,Indiranagar,1,23.8,7.1,32.9,12.948328267477203,186.0
413,2026-09-26 00:00:00,Saturday,1,13,Afternoon,0,Jayanagar,1,23.8,16.2,31.8,30.566037735849054,456.0
414,2026-09-26 00:00:00,Saturday,1,5,Morning,0,Jayanagar,1,23.8,6.0,11.4,31.57894736842105,154.0
415,2026-09-26 00:00:00,Saturday,1,8,Morning,1,Hebbal,1,23.8,9.3,41.9,13.317422434367542,276.0
416,2026-09-26 00:00:00,Saturday,1,4,Night,0,HSR Layout,1,23.8,13.9,41.6,20.048076923076923,369.0
417,2026-09-26 00:00:00,Saturday,1,2,Night,0,Whitefield,1,23.8,12.1,24.8,29.274193548387096,321.0
418,2026-09-27 00:00:00,Sunday,1,21,Night,0,Hebbal,1,20.0,6.4,18.9,20.31746031746032,194.0
419,2026-09-27 00:00:00,Sunday,1,12,Afternoon,0,Koramangala,1,20.0,10.1,24.0,25.249999999999996,243.0
420,2026-09-27 00:00:00,Sunday,1,0,Night,0,Electronic City,1,20.0,19.4,38.3,30.391644908616186,496.0
421,2026-09-27 00:00:00,Sunday,1,23,Night,0,Electronic City,1,20.0,21.3,39.0,32.76923076923077,596.0
422,2026-09-27 00:00:00,Sunday,1,9,Morning,1,Hebbal,1,20.0,20.9,70.6,17.762039660056658,500.0
423,2026-09-27 00:00:00,Sunday,1,16,Afternoon,0,Koramangala,1,20.0,5.7,15.4,22.20779220779221,143.0
424,2026-09-27 00:00:00,Sunday,1,19,Evening,1,Koramangala,1,20.0,10.4,34.7,17.98270893371758,265.0
425,2026-09-27 00:00:00,Sunday,1,21,Night,0,Whitefield,1,20.0,16.6,39.2,25.408163265306122,463.0
426,2026-09-27 00:00:00,Sunday,1,4,Night,0,Electronic City,1,20.0,10.0,29.2,20.547945205479454,224.0
427,2026-09-27 00:00:00,Sunday,1,22,Night,0,MG Road / Central,1,20.0,17.3,38.8,26.752577319587633,484.0
428,2026-09-27 00:00:00,Sunday,1,11,Morning,1,HSR Layout,1,20.0,4.2,8.9,28.314606741573034,136.0
429,2026-09-27 00:00:00,Sunday,1,9,Morning,1,Indiranagar,1,20.0,7.7,33.2,13.91566265060241,187.0
430,2026-09-28 00:00:00,Monday,0,14,Afternoon,0,MG Road / Central,0,23.0,5.5,17.1,19.298245614035086,131.0
431,2026-09-28 00:00:00,Monday,0,19,Evening,1,Indiranagar,0,23.0,9.1,41.4,13.18840579710145,223.0
432,2026-09-28 00:00:00,Monday,0,7,Morning,0,HSR Layout,0,23.0,8.9,21.6,24.72222222222222,198.0
433,2026-09-28 00:00:00,Monday,0,8,Morning,1,Koramangala,0,23.0,5.2,25.2,12.380952380952381,129.0
434,2026-09-28 00:00:00,Monday,0,6,Morning,0,Whitefield,0,23.0,16.2,43.5,22.344827586206897,425.0
435,2026-09-28 00:00:00,Monday,0,17,Evening,1,Indiranagar,0,23.0,11.0,38.4,17.1875,266.0
436,2026-09-28 00:00:00,Monday,0,17,Evening,1,Jayanagar,0,23.0,7.2,35.1,12.307692307692307,214.0
437,2026-09-28 00:00:00,Monday,0,10,Morning,1,Hebbal,0,23.0,4.9,20.2,14.554455445544555,136.0
438,2026-09-28 00:00:00,Monday,0,9,Morning,1,Hebbal,0,23.0,8.4,34.6,14.566473988439308,193.0
439,2026-09-28 00:00:00,Monday,0,22,Night,0,Electronic City,0,23.0,6.5,14.0,27.857142857142858,161.0
440,2026-09-28 00:00:00,Monday,0,9,Morning,1,Whitefield,0,23.0,15.4,58.4,15.82191780821918,448.0
441,2026-09-28 00:00:00,Monday,0,9,Morning,1,Electronic City,0,23.0,7.2,24.4,17.70491803278689,198.0
442,2026-09-28 00:00:00,Monday,0,21,Night,0,HSR Layout,0,23.0,13.9,36.7,22.724795640326974,319.0
443,2026-09-28 00:00:00,Monday,0,18,Evening,1,MG Road / Central,0,23.0,15.3,58.3,15.746140651801031,349.0
444,2026-09-29 00:00:00,Tuesday,0,9,Morning,1,HSR Layout,0,23.8,14.8,62.2,14.276527331189712,403.0
445,2026-09-29 00:00:00,Tuesday,0,18,Evening,1,HSR Layout,0,23.8,13.6,46.7,17.473233404710918,312.0
446,2026-09-29 00:00:00,Tuesday,0,18,Evening,1,HSR Layout,0,23.8,9.6,31.3,18.40255591054313,213.0
447,2026-09-29 00:00:00,Tuesday,0,13,Afternoon,0,HSR Layout,0,23.8,14.3,30.3,28.316831683168317,411.0
448,2026-09-29 00:00:00,Tuesday,0,13,Afternoon,0,Hebbal,0,23.8,9.8,22.6,26.01769911504425,293.0
449,2026-09-29 00:00:00,Tuesday,0,6,Morning,0,Koramangala,0,23.8,9.7,26.6,21.879699248120296,231.0
450,2026-09-29 00:00:00,Tuesday,0,16,Afternoon,0,Electronic City,0,23.8,17.9,44.6,24.080717488789233,398.0
451,2026-09-29 00:00:00,Tuesday,0,17,Evening,1,Electronic City,0,23.8,16.6,72.8,13.681318681318682,359.0
452,2026-09-29 00:00:00,Tuesday,0,8,Morning,1,Whitefield,0,23.8,20.0,77.7,15.444015444015442,578.0
453,2026-09-29 00:00:00,Tuesday,0,11,Morning,1,Jayanagar,0,23.8,5.7,16.8,20.357142857142854,138.0
454,2026-09-29 00:00:00,Tuesday,0,20,Evening,1,Hebbal,0,23.8,22.0,79.4,16.624685138539043,587.0
455,2026-09-29 00:00:00,Tuesday,0,19,Evening,1,Whitefield,0,23.8,16.8,76.8,13.125,478.0
456,2026-09-29 00:00:00,Tuesday,0,14,Afternoon,0,Whitefield,0,23.8,11.9,28.8,24.791666666666664,291.0
457,2026-09-29 00:00:00,Tuesday,0,11,Morning,1,Electronic City,0,23.8,8.8,18.7,28.23529411764706,208.0
458,2026-09-29 00:00:00,Tuesday,0,9,Morning,1,Electronic City,0,23.8,8.2,34.8,14.137931034482758,232.0
459,2026-09-29 00:00:00,Tuesday,0,17,Evening,1,HSR Layout,0,23.8,5.3,23.6,13.47457627118644,151.0
460,2026-09-30 00:00:00,Wednesday,0,20,Evening,1,Electronic City,0,21.2,9.2,36.6,15.081967213114753,217.0
461,2026-09-30 00:00:00,Wednesday,0,1,Night,0,Electronic City,0,21.2,11.5,27.5,25.090909090909093,268.0
462,2026-09-30 00:00:00,Wednesday,0,8,Morning,1,Indiranagar,0,21.2,8.2,31.0,15.87096774193548,222.0
463,2026-09-30 00:00:00,Wednesday,0,18,Evening,1,Indiranagar,0,21.2,15.0,60.4,14.90066225165563,388.0
464,2026-09-30 00:00:00,Wednesday,0,8,Morning,1,HSR Layout,0,21.2,11.9,39.8,17.939698492462313,349.0
465,2026-09-30 00:00:00,Wednesday,0,8,Morning,1,MG Road / Central,0,21.2,5.6,24.8,13.548387096774192,174.0
466,2026-09-30 00:00:00,Wednesday,0,11,Morning,1,MG Road / Central,0,21.2,5.4,15.6,20.76923076923077,139.0
467,2026-09-30 00:00:00,Wednesday,0,22,Night,0,Indiranagar,0,21.2,8.7,22.7,22.995594713656388,250.0
468,2026-09-30 00:00:00,Wednesday,0,9,Morning,1,HSR Layout,0,21.2,10.9,38.5,16.987012987012985,274.0
469,2026-09-30 00:00:00,Wednesday,0,19,Evening,1,Hebbal,0,21.2,21.7,74.1,17.570850202429153,544.0
470,2026-09-30 00:00:00,Wednesday,0,8,Morning,1,Indiranagar,0,21.2,9.8,30.9,19.029126213592235,290.0
471,2026-09-30 00:00:00,Wednesday,0,14,Afternoon,0,Koramangala,0,21.2,3.7,11.4,19.473684210526315,122.0
472,2026-09-30 00:00:00,Wednesday,0,14,Afternoon,0,Hebbal,0,21.2,21.1,55.2,22.934782608695652,580.0
473,2026-09-30 00:00:00,Wednesday,0,8,Morning,1,Indiranagar,0,21.2,7.3,35.2,12.443181818181818,221.0
474,2026-09-30 00:00:00,Wednesday,0,6,Morning,0,Electronic City,0,21.2,16.9,48.1,21.08108108108108,372.0
475,2026-09-30 00:00:00,Wednesday,0,20,Evening,1,Hebbal,0,21.2,5.2,21.3,14.64788732394366,126.0
476,2026-09-30 00:00:00,Wednesday,0,14,Afternoon,0,Jayanagar,0,21.2,3.9,9.8,23.87755102040816,116.0
477,2026-09-30 00:00:00,Wednesday,0,18,Evening,1,MG Road / Central,0,21.2,4.1,20.1,12.238805970149253,118.0
478,2026-09-30 00:00:00,Wednesday,0,3,Night,0,Hebbal,0,21.2,20.7,39.4,31.52284263959391,448.0
479,2026-09-30 00:00:00,Wednesday,0,18,Evening,1,Koramangala,0,21.2,10.9,46.7,14.004282655246252,268.0
480,2026-09-30 00:00:00,Wednesday,0,19,Evening,1,Koramangala,0,21.2,2.8,14.5,11.586206896551724,79.0
